#name,species,division,taxonomy_id,assembly,assembly_accession,genebuild,variation,pan_compara,peptide_compara,genome_alignments,other_alignments,core_db,species_id,exclude
Spiny chromis,acanthochromis_polyacanthus,EnsemblVertebrates,80966,ASM210954v1,GCA_002109545.1,2018-05-Ensembl/2020-03,N,N,Y,Y,Y,acanthochromis_polyacanthus_core_102_1,1,
Eurasian sparrowhawk,accipiter_nisus,EnsemblVertebrates,211598,Accipiter_nisus_ver1.0,GCA_004320145.1,2019-07-Ensembl/2019-09,N,N,Y,Y,Y,accipiter_nisus_core_102_1,1,
Panda,ailuropoda_melanoleuca,EnsemblVertebrates,9646,ailMel1,GCA_000004335.1,2010-01-Ensembl/2011-12,N,N,Y,Y,Y,ailuropoda_melanoleuca_core_102_1,1,
Yellow-billed parrot,amazona_collaria,EnsemblVertebrates,241587,ASM394721v1,GCA_003947215.1,2019-07-Ensembl/2019-09,N,N,Y,Y,Y,amazona_collaria_core_102_1,1,
Midas cichlid,amphilophus_citrinellus,EnsemblVertebrates,61819,Midas_v5,GCA_000751415.1,2018-05-Ensembl/2018-07,N,N,Y,Y,Y,amphilophus_citrinellus_core_102_5,1,
Clown anemonefish,amphiprion_ocellaris,EnsemblVertebrates,80972,AmpOce1.0,GCA_002776465.1,2018-05-Ensembl/2018-07,N,N,Y,Y,Y,amphiprion_ocellaris_core_102_1,1,
Orange clownfish,amphiprion_percula,EnsemblVertebrates,161767,Nemo_v1,GCA_003047355.1,2018-05-Ensembl/2018-07,N,N,Y,Y,Y,amphiprion_percula_core_102_1,1,
Climbing perch,anabas_testudineus,EnsemblVertebrates,64144,fAnaTes1.1,GCA_900324465.1,2018-05-Ensembl/2018-07,N,N,Y,Y,Y,anabas_testudineus_core_102_11,1,
Mallard,anas_platyrhynchos,EnsemblVertebrates,8839,ASM874695v1,GCA_008746955.1,2019-11-Ensembl/2019-12,N,N,Y,Y,Y,anas_platyrhynchos_core_102_1,1,
Duck,anas_platyrhynchos_platyrhynchos,EnsemblVertebrates,8840,CAU_duck1.0,GCA_002743455.1,2018-10-Ensembl/2020-03,N,N,Y,Y,Y,anas_platyrhynchos_platyrhynchos_core_102_1,1,
Eastern spot-billed duck,anas_zonorhyncha,EnsemblVertebrates,75864,ASM222487v1,GCA_002224875.1,2019-11-Ensembl/2020-04,N,N,Y,Y,Y,anas_zonorhyncha_core_102_1,1,
Anole lizard,anolis_carolinensis,EnsemblVertebrates,28377,AnoCar2.0,GCA_000090745.1,2010-09-Ensembl/2016-07,N,Y,Y,Y,Y,anolis_carolinensis_core_102_2,1,
Pink-footed goose,anser_brachyrhynchus,EnsemblVertebrates,132585,ASM259213v1,GCA_002592135.1,2018-12-Ensembl/2018-12,N,N,Y,Y,Y,anser_brachyrhynchus_core_102_1,1,
Swan goose,anser_cygnoides,EnsemblVertebrates,8845,GooseV1.0,GCA_002166845.1,2019-02-Ensembl/2020-03,N,N,Y,Y,Y,anser_cygnoides_core_102_1,1,
Ma's night monkey,aotus_nancymaae,EnsemblVertebrates,37293,Anan_2.0,GCA_000952055.2,2017-08-Ensembl/2020-03,N,N,Y,Y,Y,aotus_nancymaae_core_102_1,1,
Great spotted kiwi,apteryx_haastii,EnsemblVertebrates,8823,aptHaa1,GCA_003342985.1,2018-12-Ensembl/2018-12,N,N,Y,Y,Y,apteryx_haastii_core_102_1,1,
Little spotted kiwi,apteryx_owenii,EnsemblVertebrates,8824,aptOwe1,GCA_003342965.1,2018-10-Ensembl/2018-12,N,N,Y,Y,Y,apteryx_owenii_core_102_1,1,
Okarito brown kiwi,apteryx_rowi,EnsemblVertebrates,308060,aptRow1,GCA_003343035.1,2018-10-Ensembl/2020-03,N,N,Y,Y,Y,apteryx_rowi_core_102_1,1,
Golden eagle,aquila_chrysaetos_chrysaetos,EnsemblVertebrates,223781,bAquChr1.2,GCA_900496995.2,2019-07-Ensembl/2019-07,N,N,Y,Y,Y,aquila_chrysaetos_chrysaetos_core_102_12,1,
Eastern happy,astatotilapia_calliptera,EnsemblVertebrates,8154,fAstCal1.2,GCA_900246225.3,2018-06-Ensembl/2018-07,N,N,Y,Y,Y,astatotilapia_calliptera_core_102_12,1,
Mexican tetra,astyanax_mexicanus,EnsemblVertebrates,7994,Astyanax_mexicanus-2.0,GCA_000372685.2,2018-05-Ensembl/2020-03,N,N,Y,Y,Y,astyanax_mexicanus_core_102_2,1,
Pachon cavefish,astyanax_mexicanus_pachon,EnsemblVertebrates,7994,Astyanax_mexicanus-1.0.2,GCA_004802775.1,2019-06-Ensembl/2019-06,N,N,Y,Y,Y,astyanax_mexicanus_pachon_core_102_102,1,Y
Burrowing owl,athene_cunicularia,EnsemblVertebrates,194338,athCun1,GCA_003259725.1,2019-02-Ensembl/2019-09,N,N,Y,Y,Y,athene_cunicularia_core_102_1,1,
Blue whale,balaenoptera_musculus,EnsemblVertebrates,9771,mBalMus1.v2,GCA_009873245.2,2020-02-Ensembl/2020-02,N,N,Y,Y,Y,balaenoptera_musculus_core_102_2,1,
Siamese fighting fish,betta_splendens,EnsemblVertebrates,158456,fBetSpl5.2,GCA_900634795.2,2019-05-Ensembl/2019-06,N,N,Y,Y,Y,betta_splendens_core_102_52,1,
American bison,bison_bison_bison,EnsemblVertebrates,43346,Bison_UMD1.0,GCA_000754665.1,2018-10-Ensembl/2020-03,N,N,Y,Y,Y,bison_bison_bison_core_102_1,1,
Domestic yak,bos_grunniens,EnsemblVertebrates,30521,LU_Bosgru_v3.0,GCA_005887515.1,2019-07-Ensembl/2019-08,N,N,Y,Y,Y,bos_grunniens_core_102_3,1,
Hybrid - Bos Indicus,bos_indicus_hybrid,EnsemblVertebrates,30522,UOA_Brahman_1,GCA_003369695.2,2018-12-Ensembl/2019-03,N,N,Y,Y,Y,bos_indicus_hybrid_core_102_1,1,
Wild yak,bos_mutus,EnsemblVertebrates,72004,BosGru_v2.0,GCA_000298355.1,2018-11-Ensembl/2018-12,N,N,Y,Y,Y,bos_mutus_core_102_2,1,
Cow,bos_taurus,EnsemblVertebrates,9913,ARS-UCD1.2,GCA_002263795.2,2018-09-Ensembl/2018-11,Y,N,Y,Y,Y,bos_taurus_core_102_12,1,
Hybrid - Bos Taurus,bos_taurus_hybrid,EnsemblVertebrates,30522,UOA_Angus_1,GCA_003369685.2,2018-12-Ensembl/2019-03,N,N,Y,Y,Y,bos_taurus_hybrid_core_102_1,1,Y
Eurasian eagle-owl,bubo_bubo,EnsemblVertebrates,30461,BubBub1.0,GCA_010303855.1,2020-02-Ensembl/2020-02,N,N,Y,Y,Y,bubo_bubo_core_102_1,1,
Eastern buzzard,buteo_japonicus,EnsemblVertebrates,224669,ButJap1.0,GCA_010312235.1,2020-02-Ensembl/2020-02,N,N,Y,Y,Y,buteo_japonicus_core_102_1,1,
Caenorhabditis elegans,caenorhabditis_elegans,EnsemblVertebrates,6239,WBcel235,GCA_000002985.3,WS269,N,N,Y,N,N,caenorhabditis_elegans_core_102_269,1,
Muscovy Duck (domestic type),cairina_moschata_domestica,EnsemblVertebrates,1240228,CaiMos1.0,GCA_009194515.1,2020-02-Ensembl/2020-02,N,N,Y,Y,Y,cairina_moschata_domestica_core_102_1,1,
Ruff,calidris_pugnax,EnsemblVertebrates,198806,ASM143184v1,GCA_001431845.1,2018-10-Ensembl/2018-12,N,N,Y,Y,Y,calidris_pugnax_core_102_1,1,
Spoon-billed sandpiper,calidris_pygmaea,EnsemblVertebrates,425635,ASM369795v1,GCA_003697955.1,2018-12-Ensembl/2020-03,N,N,Y,Y,Y,calidris_pygmaea_core_102_1,1,
Marmoset,callithrix_jacchus,EnsemblVertebrates,9483,ASM275486v1,GCA_002754865.1,2018-12-Ensembl/2019-05,N,N,Y,Y,Y,callithrix_jacchus_core_102_1,1,
Elephant shark,callorhinchus_milii,EnsemblVertebrates,7868,Callorhinchus_milii-6.1.3,GCA_000165045.2,2018-09-Ensembl/2019-03,N,N,Y,Y,Y,callorhinchus_milii_core_102_613,1,
Small tree finch,camarhynchus_parvulus,EnsemblVertebrates,87175,STF_HiC,GCA_901933205.1,2019-11-Ensembl/2019-12,N,N,Y,Y,Y,camarhynchus_parvulus_core_102_1,1,
Arabian camel,camelus_dromedarius,EnsemblVertebrates,9838,CamDro2,GCA_000803125.2,2019-07-Ensembl/2019-07,N,N,Y,Y,Y,camelus_dromedarius_core_102_2,1,
Dingo,canis_lupus_dingo,EnsemblVertebrates,286419,ASM325472v1,GCA_003254725.1,2018-09-Ensembl/2020-03,N,N,Y,Y,Y,canis_lupus_dingo_core_102_1,1,
Dog,canis_lupus_familiaris,EnsemblVertebrates,9615,CanFam3.1,GCA_000002285.2,2011-11-Ensembl/2019-06,Y,N,Y,Y,Y,canis_lupus_familiaris_core_102_31,1,
Dog - Basenji,canis_lupus_familiarisbasenji,EnsemblVertebrates,9615,Basenji_breed-1.1,GCA_004886185.1,2019-07-Ensembl/2019-08,N,N,Y,N,Y,canis_lupus_familiarisbasenji_core_102_11,1,Y
Dog - Great Dane,canis_lupus_familiarisgreatdane,EnsemblVertebrates,9615,UMICH_Zoey_3.1,GCA_005444595.1,2019-07-Ensembl/2019-08,N,N,Y,Y,Y,canis_lupus_familiarisgreatdane_core_102_31,1,Y
Goat,capra_hircus,EnsemblVertebrates,9925,ARS1,GCA_001704415.1,2017-09-Ensembl/2018-03,Y,N,Y,Y,Y,capra_hircus_core_102_1,1,
Goat (black bengal),capra_hircus_blackbengal,EnsemblVertebrates,9925,CVASU_BBG_1.0,GCA_004361675.1,2019-11-Ensembl/2020-02,N,N,Y,Y,Y,capra_hircus_blackbengal_core_102_1,1,Y
Goldfish,carassius_auratus,EnsemblVertebrates,7957,ASM336829v1,GCA_003368295.1,2019-09-Ensembl/2019-10,N,N,Y,Y,Y,carassius_auratus_core_102_1,1,
Tarsier,carlito_syrichta,EnsemblVertebrates,1868482,Tarsius_syrichta-2.0.1,GCA_000164805.2,2017-08-Ensembl/2020-03,N,N,Y,Y,Y,carlito_syrichta_core_102_2,1,
American beaver,castor_canadensis,EnsemblVertebrates,51338,C.can_genome_v1.0,GCA_001984765.1,2018-11-Ensembl/2020-03,N,N,Y,Y,Y,castor_canadensis_core_102_1,1,
Chacoan peccary,catagonus_wagneri,EnsemblVertebrates,51154,CatWag_v2_BIUU_UCD,GCA_004024745.2,2019-07-Ensembl/2019-09,N,N,Y,Y,Y,catagonus_wagneri_core_102_2,1,
Swainson's thrush,catharus_ustulatus,EnsemblVertebrates,91951,bCatUst1.pri,GCA_009819885.1,2020-01-Ensembl/2020-03,N,N,Y,Y,Y,catharus_ustulatus_core_102_1,1,
Brazilian guinea pig,cavia_aperea,EnsemblVertebrates,37548,CavAp1.0,GCA_000688575.1,2016-09-ensembl/2017-02,N,N,Y,Y,Y,cavia_aperea_core_102_10,1,
Guinea Pig,cavia_porcellus,EnsemblVertebrates,10141,Cavpor3.0,GCA_000151735.1,2016-12-ensembl/2017-07,N,N,Y,Y,Y,cavia_porcellus_core_102_4,1,
Capuchin,cebus_capucinus,EnsemblVertebrates,1737458,Cebus_imitator-1.0,GCA_001604975.1,2017-08-Ensembl/2018-01,N,N,Y,Y,Y,cebus_capucinus_core_102_1,1,
Sooty mangabey,cercocebus_atys,EnsemblVertebrates,9531,Caty_1.0,GCA_000955945.1,2017-08-Ensembl/2018-01,N,N,Y,Y,Y,cercocebus_atys_core_102_1,1,
Yarkand deer,cervus_hanglu_yarkandensis,EnsemblVertebrates,84702,CEY_v1,GCA_010411085.1,2020-02-Ensembl/2020-02,N,N,Y,Y,Y,cervus_hanglu_yarkandensis_core_102_1,1,
Abingdon island giant tortoise,chelonoidis_abingdonii,EnsemblVertebrates,106734,ASM359739v1,GCA_003597395.1,2018-10-Ensembl/2018-12,N,N,Y,Y,Y,chelonoidis_abingdonii_core_102_1,1,
Common snapping turtle,chelydra_serpentina,EnsemblVertebrates,8475,Chelydra_serpentina-1.0,GCA_007922165.1,2019-11-Ensembl/2019-12,N,N,Y,Y,Y,chelydra_serpentina_core_102_1,1,
Long-tailed chinchilla,chinchilla_lanigera,EnsemblVertebrates,34839,ChiLan1.0,GCA_000276665.1,2016-11-ensembl/2017-07,N,N,Y,Y,Y,chinchilla_lanigera_core_102_1,1,
Vervet-AGM,chlorocebus_sabaeus,EnsemblVertebrates,60711,ChlSab1.1,GCA_000409795.2,2014-03-Ensembl/2015-02,N,N,Y,Y,Y,chlorocebus_sabaeus_core_102_1,1,
Sloth,choloepus_hoffmanni,EnsemblVertebrates,9358,choHof1,,2008-11-Ensembl/2010-05,N,N,Y,Y,Y,choloepus_hoffmanni_core_102_1,1,
Painted turtle,chrysemys_picta_bellii,EnsemblVertebrates,8478,Chrysemys_picta_bellii-3.0.3,GCA_000241765.2,2018-09-Ensembl/2020-03,N,N,Y,Y,Y,chrysemys_picta_bellii_core_102_303,1,
Golden pheasant,chrysolophus_pictus,EnsemblVertebrates,9089,Chrysolophus_pictus_GenomeV1.0,GCA_003413605.1,2019-02-Ensembl/2020-03,N,N,Y,Y,Y,chrysolophus_pictus_core_102_1,1,
C.intestinalis,ciona_intestinalis,EnsemblVertebrates,7719,KH,GCA_000224145.1,2011-08-Ensembl/2014-03,N,N,Y,Y,Y,ciona_intestinalis_core_102_3,1,
C.savignyi,ciona_savignyi,EnsemblVertebrates,51511,CSAV 2.0,,2006-04-Ensembl/2013-04,N,Y,Y,Y,Y,ciona_savignyi_core_102_2,1,
Atlantic herring,clupea_harengus,EnsemblVertebrates,7950,Ch_v2.0.2,GCA_900700415.1,2019-04-Ensembl/2019-04,N,N,Y,Y,Y,clupea_harengus_core_102_202,1,
Angola colobus,colobus_angolensis_palliatus,EnsemblVertebrates,336983,Cang.pa_1.0,GCA_000951035.1,2017-08-Ensembl/2017-12,N,N,Y,Y,Y,colobus_angolensis_palliatus_core_102_1,1,
New Caledonian crow,corvus_moneduloides,EnsemblVertebrates,1196302,UO_Cmon_1.0,GCA_009650515.1,2020-02-Ensembl/2020-02,N,N,Y,Y,Y,corvus_moneduloides_core_102_1,1,
Channel bull blenny,cottoperca_gobio,EnsemblVertebrates,56716,fCotGob3.1,GCA_900634415.1,2019-03-Ensembl/2019-04,N,N,Y,Y,Y,cottoperca_gobio_core_102_31,1,
Japanese quail,coturnix_japonica,EnsemblVertebrates,93934,Coturnix_japonica_2.0,GCA_001577835.1,2018-10-Ensembl/2018-12,N,N,Y,Y,Y,coturnix_japonica_core_102_2,1,
Chinese hamster CHOK1GS,cricetulus_griseus_chok1gshd,EnsemblVertebrates,10029,CHOK1GS_HDv1,GCA_900186095.1,2017-03-ensembl/2017-09,N,N,Y,Y,Y,cricetulus_griseus_chok1gshd_core_102_1,1,Y
Chinese hamster CriGri,cricetulus_griseus_crigri,EnsemblVertebrates,10029,CriGri_1.0,GCA_000223135.1,2016-11-ensembl/2020-03,N,N,Y,Y,Y,cricetulus_griseus_crigri_core_102_1,1,Y
Chinese hamster PICR,cricetulus_griseus_picr,EnsemblVertebrates,10029,CriGri-PICR,GCA_003668045.1,2018-11-Ensembl/2018-12,N,N,Y,Y,Y,cricetulus_griseus_picr_core_102_1,1,
Australian saltwater crocodile,crocodylus_porosus,EnsemblVertebrates,8502,CroPor_comp1,GCA_001723895.1,2018-10-Ensembl/2018-12,N,N,Y,Y,Y,crocodylus_porosus_core_102_1,1,
Blue tit,cyanistes_caeruleus,EnsemblVertebrates,156563,cyaCae2,GCA_002901205.1,2018-10-Ensembl/2020-03,N,N,Y,Y,Y,cyanistes_caeruleus_core_102_2,1,
Lumpfish,cyclopterus_lumpus,EnsemblVertebrates,8103,fCycLum1.pri,GCA_009769545.1,2020-02-Ensembl/2020-02,N,N,Y,Y,Y,cyclopterus_lumpus_core_102_1,1,
Tongue sole,cynoglossus_semilaevis,EnsemblVertebrates,244447,Cse_v1.0,GCA_000523025.1,2018-05-Ensembl/2020-03,N,N,Y,Y,Y,cynoglossus_semilaevis_core_102_1,1,
Sheepshead minnow,cyprinodon_variegatus,EnsemblVertebrates,28743,C_variegatus-1.0,GCA_000732505.1,2018-05-Ensembl/2018-07,N,N,Y,Y,Y,cyprinodon_variegatus_core_102_1,1,
Common carp,cyprinus_carpio,EnsemblVertebrates,7962,common_carp_genome,GCA_000951615.2,2019-10-Ensembl/2019-11,N,N,Y,Y,Y,cyprinus_carpio_core_102_2,1,
Common carp german mirror,cyprinus_carpio_germanmirror,EnsemblVertebrates,7962,German_Mirror_carp_1.0,GCA_004011555.1,2019-04-Ensembl/2019-06,N,N,Y,Y,Y,cyprinus_carpio_germanmirror_core_102_10,1,Y
Common carp hebao red,cyprinus_carpio_hebaored,EnsemblVertebrates,7962,Hebao_red_carp_1.0,GCA_004011595.1,2019-04-Ensembl/2019-05,N,N,Y,Y,Y,cyprinus_carpio_hebaored_core_102_10,1,Y
Common carp huanghe,cyprinus_carpio_huanghe,EnsemblVertebrates,7962,Hunaghe_carp_2.0,GCA_004011575.1,2019-04-Ensembl/2019-09,N,N,Y,Y,Y,cyprinus_carpio_huanghe_core_102_20,1,Y
Zebrafish,danio_rerio,EnsemblVertebrates,7955,GRCz11,GCA_000002035.4,2017-08-Ensembl/2018-04,Y,Y,Y,Y,Y,danio_rerio_core_102_11,1,
Armadillo,dasypus_novemcinctus,EnsemblVertebrates,9361,Dasnov3.0,GCA_000208655.2,2013-06-Ensembl/2016-05,N,N,Y,Y,Y,dasypus_novemcinctus_core_102_3,1,
Beluga whale,delphinapterus_leucas,EnsemblVertebrates,9749,ASM228892v3,GCA_002288925.3,2019-10-Ensembl/2019-10,N,N,Y,Y,Y,delphinapterus_leucas_core_102_3,1,
Denticle herring,denticeps_clupeoides,EnsemblVertebrates,299321,fDenClu1.1,GCA_900700375.1,2019-05-Ensembl/2019-12,N,N,Y,Y,Y,denticeps_clupeoides_core_102_11,1,
European seabass,dicentrarchus_labrax,EnsemblVertebrates,13489,seabass_V1.0,GCA_000689215.1,2019-09-Ensembl/2019-10,N,N,Y,Y,Y,dicentrarchus_labrax_core_102_1,1,
Kangaroo rat,dipodomys_ordii,EnsemblVertebrates,10020,Dord_2.0,GCA_000151885.2,2016-11-ensembl/2020-03,N,N,Y,Y,Y,dipodomys_ordii_core_102_2,1,
Emu,dromaius_novaehollandiae,EnsemblVertebrates,8790,droNov1,GCA_003342905.1,2018-10-Ensembl/2018-12,N,N,Y,Y,Y,dromaius_novaehollandiae_core_102_1,1,
Drosophila melanogaster,drosophila_melanogaster,EnsemblVertebrates,7227,BDGP6.28,GCA_000001215.4,dmel_r6.28_FB2019_03,N,N,Y,N,Y,drosophila_melanogaster_core_102_8,1,
Live sharksucker,echeneis_naucrates,EnsemblVertebrates,173247,fEcheNa1.1,GCA_900963305.1,2019-07-Ensembl/2019-08,N,N,Y,Y,Y,echeneis_naucrates_core_102_11,1,
Lesser hedgehog tenrec,echinops_telfairi,EnsemblVertebrates,9371,TENREC,,2006-01-Ensembl/2013-04,N,N,Y,Y,Y,echinops_telfairi_core_102_1,1,
Electric eel,electrophorus_electricus,EnsemblVertebrates,8005,Ee_SOAP_WITH_SSPACE,GCA_003665695.2,2018-11-Ensembl/2019-03,N,N,Y,Y,Y,electrophorus_electricus_core_102_2,1,
Hagfish,eptatretus_burgeri,EnsemblVertebrates,7764,Eburgeri_3.2,GCA_900186335.2,2017-10-Ensembl/2018-06,N,N,Y,Y,Y,eptatretus_burgeri_core_102_32,1,
Donkey,equus_asinus_asinus,EnsemblVertebrates,83772,ASM303372v1,GCA_003033725.1,2018-09-Ensembl/2019-04,N,N,Y,Y,Y,equus_asinus_asinus_core_102_1,1,
Horse,equus_caballus,EnsemblVertebrates,9796,EquCab3.0,GCA_002863925.1,2018-12-Ensembl/2019-09,Y,N,Y,Y,Y,equus_caballus_core_102_3,1,
Hedgehog,erinaceus_europaeus,EnsemblVertebrates,9365,eriEur1,,2006-10-Ensembl/2013-04,N,N,Y,Y,Y,erinaceus_europaeus_core_102_1,1,
Reedfish,erpetoichthys_calabaricus,EnsemblVertebrates,27687,fErpCal1.1,GCA_900747795.2,2019-05-Ensembl/2019-05,N,N,Y,Y,Y,erpetoichthys_calabaricus_core_102_11,1,
Gouldian finch,erythrura_gouldiae,EnsemblVertebrates,44316,GouldianFinch,GCA_003676055.1,2019-02-Ensembl/2019-09,N,N,Y,Y,Y,erythrura_gouldiae_core_102_1,1,
Northern pike,esox_lucius,EnsemblVertebrates,8010,Eluc_v4,GCA_004634155.1,2019-12-Ensembl/2019-12,N,N,Y,Y,Y,esox_lucius_core_102_4,1,
Common kestrel,falco_tinnunculus,EnsemblVertebrates,100819,FalTin1.0,GCA_010332995.1,2020-02-Ensembl/2020-02,N,N,Y,Y,Y,falco_tinnunculus_core_102_1,1,
Cat,felis_catus,EnsemblVertebrates,9685,Felis_catus_9.0,GCA_000181335.4,2018-01-Ensembl/2019-06,Y,N,Y,Y,Y,felis_catus_core_102_9,1,
Flycatcher,ficedula_albicollis,EnsemblVertebrates,59894,FicAlb_1.4,GCA_000247815.1,2012-05-Ensembl/2016-07,N,N,Y,Y,Y,ficedula_albicollis_core_102_1,1,
Damara mole rat,fukomys_damarensis,EnsemblVertebrates,885580,DMR_v1.0,GCA_000743615.1,2016-10-ensembl/2020-03,N,N,Y,Y,Y,fukomys_damarensis_core_102_1,1,
Mummichog,fundulus_heteroclitus,EnsemblVertebrates,8078,Fundulus_heteroclitus-3.0.2,GCA_000826765.1,2018-05-Ensembl/2018-07,N,N,Y,Y,Y,fundulus_heteroclitus_core_102_302,1,
Cod,gadus_morhua,EnsemblVertebrates,8049,gadMor1,,2010-01-Ensembl/2011-08,N,N,Y,Y,Y,gadus_morhua_core_102_1,1,
Chicken,gallus_gallus,EnsemblVertebrates,9031,GRCg6a,GCA_000002315.5,2018-04-Ensembl/2018-03,Y,Y,Y,Y,Y,gallus_gallus_core_102_6,1,
Western mosquitofish,gambusia_affinis,EnsemblVertebrates,33528,ASM309773v1,GCA_003097735.1,2018-05-Ensembl/2018-07,N,N,Y,Y,Y,gambusia_affinis_core_102_1,1,
Stickleback,gasterosteus_aculeatus,EnsemblVertebrates,69293,BROAD S1,,2006-06-Ensembl/2010-05,N,Y,Y,Y,Y,gasterosteus_aculeatus_core_102_1,1,
Medium ground-finch,geospiza_fortis,EnsemblVertebrates,48883,GeoFor_1.0,GCA_000277835.1,2019-11-Ensembl/2019-12,N,N,Y,Y,Y,geospiza_fortis_core_102_1,1,
Agassiz's desert tortoise,gopherus_agassizii,EnsemblVertebrates,38772,ASM289641v1,GCA_002896415.1,2018-09-Ensembl/2020-03,N,N,Y,Y,Y,gopherus_agassizii_core_102_1,1,
Goodes thornscrub tortoise,gopherus_evgoodei,EnsemblVertebrates,1825980,rGopEvg1_v1.p,GCA_007399415.1,2019-10-Ensembl/2019-12,N,N,Y,Y,Y,gopherus_evgoodei_core_102_1,1,
Gorilla,gorilla_gorilla,EnsemblVertebrates,9595,gorGor4,GCA_000151905.3,2017-08-Ensembl/2020-03,N,N,Y,Y,Y,gorilla_gorilla_core_102_4,1,
Blunt-snouted clingfish,gouania_willdenowi,EnsemblVertebrates,441366,fGouWil2.1,GCA_900634775.1,2019-04-Ensembl/2019-05,N,N,Y,Y,Y,gouania_willdenowi_core_102_21,1,
Burton's mouthbrooder,haplochromis_burtoni,EnsemblVertebrates,8153,AstBur1.0,GCA_000239415.1,2018-05-Ensembl/2020-03,N,N,Y,Y,Y,haplochromis_burtoni_core_102_1,1,
Naked mole-rat female,heterocephalus_glaber_female,EnsemblVertebrates,10181,HetGla_female_1.0,GCA_000247695.1,2016-11-ensembl/2017-07,N,N,Y,Y,Y,heterocephalus_glaber_female_core_102_1,1,
Naked mole-rat male,heterocephalus_glaber_male,EnsemblVertebrates,10181,HetGla_1.0,GCA_000230445.1,2016-11-ensembl/2020-03,N,N,Y,Y,Y,heterocephalus_glaber_male_core_102_1,1,Y
Tiger tail seahorse,hippocampus_comes,EnsemblVertebrates,109280,H_comes_QL1_v1,GCA_001891065.1,2018-05-Ensembl/2020-03,N,N,Y,Y,Y,hippocampus_comes_core_102_1,1,
Human,homo_sapiens,EnsemblVertebrates,9606,GRCh38.p13,GCA_000001405.28,2014-01-Ensembl/2020-09,Y,Y,Y,Y,Y,homo_sapiens_core_102_38,1,
Huchen,hucho_hucho,EnsemblVertebrates,62062,ASM331708v1,GCA_003317085.1,2018-09-Ensembl/2020-03,N,N,Y,Y,Y,hucho_hucho_core_102_1,1,
Channel catfish,ictalurus_punctatus,EnsemblVertebrates,7998,IpCoco_1.2,GCA_001660625.1,2018-05-Ensembl/2020-03,N,N,Y,Y,Y,ictalurus_punctatus_core_102_12,1,
Squirrel,ictidomys_tridecemlineatus,EnsemblVertebrates,43179,SpeTri2.0,GCA_000236235.1,2016-11-ensembl/2017-07,N,N,Y,Y,Y,ictidomys_tridecemlineatus_core_102_3,1,
Lesser Egyptian jerboa,jaculus_jaculus,EnsemblVertebrates,51337,JacJac1.0,GCA_000280705.1,2016-10-ensembl/2020-03,N,N,Y,Y,Y,jaculus_jaculus_core_102_10,1,
Dark-eyed junco,junco_hyemalis,EnsemblVertebrates,40217,ASM382977v1,GCA_003829775.1,2018-12-Ensembl/2018-12,N,N,Y,Y,Y,junco_hyemalis_core_102_1,1,
Mangrove rivulus,kryptolebias_marmoratus,EnsemblVertebrates,37003,ASM164957v1,GCA_001649575.1,2018-05-Ensembl/2020-03,N,N,Y,Y,Y,kryptolebias_marmoratus_core_102_1,1,
Ballan wrasse,labrus_bergylta,EnsemblVertebrates,56723,BallGen_V1,GCA_900080235.1,2018-05-Ensembl/2020-03,N,N,Y,Y,Y,labrus_bergylta_core_102_1,1,
Large yellow croaker,larimichthys_crocea,EnsemblVertebrates,215358,L_crocea_2.0,GCA_000972845.2,2019-04-Ensembl/2019-05,N,N,Y,Y,Y,larimichthys_crocea_core_102_20,1,
Barramundi perch,lates_calcarifer,EnsemblVertebrates,8187,ASB_HGAPassembly_v1,GCA_900066035.1,2018-11-Ensembl/2020-03,N,N,Y,Y,Y,lates_calcarifer_core_102_1,1,
Blue-ringed sea krait,laticauda_laticaudata,EnsemblVertebrates,8630,latLat_1.0,GCA_004320025.1,2019-11-Ensembl/2019-12,N,N,Y,Y,Y,laticauda_laticaudata_core_102_1,1,
Coelacanth,latimeria_chalumnae,EnsemblVertebrates,7897,LatCha1,GCA_000225785.1,2011-09-Ensembl/2012-11,N,N,Y,Y,Y,latimeria_chalumnae_core_102_1,1,
Blue-crowned manakin,lepidothrix_coronata,EnsemblVertebrates,321398,Lepidothrix_coronata-1.0,GCA_001604755.1,2018-10-Ensembl/2018-12,N,N,Y,Y,Y,lepidothrix_coronata_core_102_1,1,
Spotted gar,lepisosteus_oculatus,EnsemblVertebrates,7918,LepOcu1,GCA_000242695.1,2012-01-Ensembl/2016-10,N,N,Y,Y,Y,lepisosteus_oculatus_core_102_1,1,
Leishan spiny toad,leptobrachium_leishanense,EnsemblVertebrates,445787,ASM966780v1,GCA_009667805.1,2019-11-Ensembl/2020-02,N,N,Y,Y,Y,leptobrachium_leishanense_core_102_1,1,
Bengalese finch,lonchura_striata_domestica,EnsemblVertebrates,299123,LonStrDom1,GCA_002197715.1,2018-10-Ensembl/2018-12,N,N,Y,Y,Y,lonchura_striata_domestica_core_102_1,1,
Elephant,loxodonta_africana,EnsemblVertebrates,9785,Loxafr3.0,GCA_000001905.1,2009-07-Ensembl/2011-12,N,N,Y,Y,Y,loxodonta_africana_core_102_3,1,
Canada lynx,lynx_canadensis,EnsemblVertebrates,61383,mLynCan4_v1.p,GCA_007474595.1,2019-08-Ensembl/2019-08,N,N,Y,Y,Y,lynx_canadensis_core_102_41,1,
Crab-eating macaque,macaca_fascicularis,EnsemblVertebrates,9541,Macaca_fascicularis_5.0,GCA_000364345.1,2017-08-Ensembl/2020-03,N,N,Y,Y,Y,macaca_fascicularis_core_102_5,1,
Macaque,macaca_mulatta,EnsemblVertebrates,9544,Mmul_10,GCA_003339765.3,2019-04-Ensembl/2019-12,Y,N,Y,Y,Y,macaca_mulatta_core_102_10,1,
Pig-tailed macaque,macaca_nemestrina,EnsemblVertebrates,9545,Mnem_1.0,GCA_000956065.1,2017-08-Ensembl/2018-01,N,N,Y,Y,Y,macaca_nemestrina_core_102_1,1,
Superb fairywren,malurus_cyaneus_samueli,EnsemblVertebrates,2593467,mCya_1.0,GCA_009741485.1,2020-02-Ensembl/2020-02,N,N,Y,Y,Y,malurus_cyaneus_samueli_core_102_1,1,
Golden-collared manakin,manacus_vitellinus,EnsemblVertebrates,328815,ASM171598v2,GCA_001715985.2,2018-10-Ensembl/2018-12,N,N,Y,Y,Y,manacus_vitellinus_core_102_2,1,
Drill,mandrillus_leucophaeus,EnsemblVertebrates,9568,Mleu.le_1.0,GCA_000951045.1,2017-08-Ensembl/2020-03,N,N,Y,Y,Y,mandrillus_leucophaeus_core_102_1,1,
Alpine marmot,marmota_marmota_marmota,EnsemblVertebrates,9994,marMar2.1,GCA_001458135.1,2018-12-Ensembl/2020-03,N,N,Y,Y,Y,marmota_marmota_marmota_core_102_21,1,
Zig-zag eel,mastacembelus_armatus,EnsemblVertebrates,205130,fMasArm1.1,GCA_900324485.1,2018-05-Ensembl/2018-07,N,N,Y,Y,Y,mastacembelus_armatus_core_102_11,1,
Zebra mbuna,maylandia_zebra,EnsemblVertebrates,106582,M_zebra_UMD2a,GCA_000238955.5,2018-05-Ensembl/2018-07,N,N,Y,Y,Y,maylandia_zebra_core_102_2,1,
Turkey,meleagris_gallopavo,EnsemblVertebrates,9103,Turkey_2.01,GCA_000146605.1,2010-09-Ensembl/2014-04,Y,N,Y,Y,Y,meleagris_gallopavo_core_102_21,1,
Budgerigar,melopsittacus_undulatus,EnsemblVertebrates,13146,Melopsittacus_undulatus_6.3,GCA_000238935.1,2018-10-Ensembl/2018-12,N,N,Y,Y,Y,melopsittacus_undulatus_core_102_63,1,
Mongolian gerbil,meriones_unguiculatus,EnsemblVertebrates,10047,MunDraft-v1.0,GCA_002204375.1,2018-12-Ensembl/2020-03,N,N,Y,Y,Y,meriones_unguiculatus_core_102_1,1,
Golden Hamster,mesocricetus_auratus,EnsemblVertebrates,10036,MesAur1.0,GCA_000349665.1,2016-10-ensembl/2020-03,N,N,Y,Y,Y,mesocricetus_auratus_core_102_10,1,
Mouse Lemur,microcebus_murinus,EnsemblVertebrates,30608,Mmur_3.0,GCA_000165445.3,2017-08-Ensembl/2020-03,N,N,Y,Y,Y,microcebus_murinus_core_102_3,1,
Prairie vole,microtus_ochrogaster,EnsemblVertebrates,79684,MicOch1.0,GCA_000317375.1,2016-10-ensembl/2017-02,N,N,Y,Y,Y,microtus_ochrogaster_core_102_10,1,
Ocean sunfish,mola_mola,EnsemblVertebrates,94237,ASM169857v1,GCA_001698575.1,2018-05-Ensembl/2018-07,N,N,Y,Y,Y,mola_mola_core_102_1,1,
Opossum,monodelphis_domestica,EnsemblVertebrates,13616,ASM229v1,GCA_000002295.1,2019-01-Ensembl/2019-05,Y,Y,Y,Y,Y,monodelphis_domestica_core_102_1,1,
Narwhal,monodon_monoceros,EnsemblVertebrates,40151,NGI_Narwhal_1,GCA_005190385.2,2019-12-Ensembl/2019-12,N,N,Y,Y,Y,monodon_monoceros_core_102_1,1,
Swamp eel,monopterus_albus,EnsemblVertebrates,43700,M_albus_1.0,GCA_001952655.1,2018-05-Ensembl/2020-03,N,N,Y,Y,Y,monopterus_albus_core_102_1,1,
Siberian musk deer,moschus_moschiferus,EnsemblVertebrates,68415,MosMos_v2_BIUU_UCD,GCA_004024705.2,2019-07-Ensembl/2019-09,N,N,Y,Y,Y,moschus_moschiferus_core_102_2,1,
Ryukyu mouse,mus_caroli,EnsemblVertebrates,10089,CAROLI_EIJ_v1.1,GCA_900094665.2,2017-05/2018-01,N,N,Y,Y,Y,mus_caroli_core_102_11,1,
Mouse,mus_musculus,EnsemblVertebrates,10090,GRCm38.p6,GCA_000001635.8,2012-01-Ensembl/2020-02,Y,Y,Y,Y,Y,mus_musculus_core_102_38,1,
Mouse 129S1/SvImJ,mus_musculus_129s1svimj,EnsemblVertebrates,10090,129S1_SvImJ_v1,GCA_001624185.1,2016-07-External/2018-01,N,N,Y,N,Y,mus_musculus_129s1svimj_core_102_1,1,Y
Mouse A/J,mus_musculus_aj,EnsemblVertebrates,10090,A_J_v1,GCA_001624215.1,2016-07-External/2018-01,N,N,Y,N,Y,mus_musculus_aj_core_102_1,1,Y
Mouse AKR/J,mus_musculus_akrj,EnsemblVertebrates,10090,AKR_J_v1,GCA_001624295.1,2016-07-External/2018-01,N,N,Y,N,Y,mus_musculus_akrj_core_102_1,1,Y
Mouse BALB/cJ,mus_musculus_balbcj,EnsemblVertebrates,10090,BALB_cJ_v1,GCA_001632525.1,2016-07-External/2018-01,N,N,Y,N,Y,mus_musculus_balbcj_core_102_1,1,Y
Mouse C3H/HeJ,mus_musculus_c3hhej,EnsemblVertebrates,10090,C3H_HeJ_v1,GCA_001632575.1,2016-07-External/2018-01,N,N,Y,N,Y,mus_musculus_c3hhej_core_102_1,1,Y
Mouse C57BL/6NJ,mus_musculus_c57bl6nj,EnsemblVertebrates,10090,C57BL_6NJ_v1,GCA_001632555.1,2016-07-External/2018-01,N,N,Y,N,Y,mus_musculus_c57bl6nj_core_102_1,1,Y
Mouse CAST/EiJ,mus_musculus_casteij,EnsemblVertebrates,10091,CAST_EiJ_v1,GCA_001624445.1,2016-07-External/2018-01,N,N,Y,N,Y,mus_musculus_casteij_core_102_1,1,Y
Mouse CBA/J,mus_musculus_cbaj,EnsemblVertebrates,10090,CBA_J_v1,GCA_001624475.1,2016-07-External/2018-01,N,N,Y,N,Y,mus_musculus_cbaj_core_102_1,1,Y
Mouse DBA/2J,mus_musculus_dba2j,EnsemblVertebrates,10090,DBA_2J_v1,GCA_001624505.1,2016-07-External/2018-01,N,N,Y,N,Y,mus_musculus_dba2j_core_102_1,1,Y
Mouse FVB/NJ,mus_musculus_fvbnj,EnsemblVertebrates,10090,FVB_NJ_v1,GCA_001624535.1,2016-07-External/2018-01,N,N,Y,N,Y,mus_musculus_fvbnj_core_102_1,1,Y
Mouse LP/J,mus_musculus_lpj,EnsemblVertebrates,10090,LP_J_v1,GCA_001632615.1,2016-07-External/2018-01,N,N,Y,N,Y,mus_musculus_lpj_core_102_1,1,Y
Mouse NOD/ShiLtJ,mus_musculus_nodshiltj,EnsemblVertebrates,10090,NOD_ShiLtJ_v1,GCA_001624675.1,2016-07-External/2018-01,N,N,Y,N,Y,mus_musculus_nodshiltj_core_102_1,1,Y
Mouse NZO/HlLtJ,mus_musculus_nzohlltj,EnsemblVertebrates,10090,NZO_HlLtJ_v1,GCA_001624745.1,2016-07-External/2018-01,N,N,Y,N,Y,mus_musculus_nzohlltj_core_102_1,1,Y
Mouse PWK/PhJ,mus_musculus_pwkphj,EnsemblVertebrates,39442,PWK_PhJ_v1,GCA_001624775.1,2016-07-External/2018-01,N,N,Y,N,Y,mus_musculus_pwkphj_core_102_1,1,Y
Mouse WSB/EiJ,mus_musculus_wsbeij,EnsemblVertebrates,10092,WSB_EiJ_v1,GCA_001624835.1,2016-07/2018-01,N,N,Y,N,Y,mus_musculus_wsbeij_core_102_1,1,Y
Shrew mouse,mus_pahari,EnsemblVertebrates,10093,PAHARI_EIJ_v1.1,GCA_900095145.2,2017-05/2018-01,N,N,Y,Y,Y,mus_pahari_core_102_11,1,
Steppe mouse,mus_spicilegus,EnsemblVertebrates,10103,MUSP714,GCA_003336285.1,2018-12-Ensembl/2018-12,N,N,Y,Y,Y,mus_spicilegus_core_102_714,1,
Algerian mouse,mus_spretus,EnsemblVertebrates,10096,SPRET_EiJ_v1,GCA_001624865.1,2016-07/2018-01,N,N,Y,Y,Y,mus_spretus_core_102_1,1,
Ferret,mustela_putorius_furo,EnsemblVertebrates,9669,MusPutFur1.0,GCA_000215625.1,2012-04-Ensembl/2016-05,N,N,Y,Y,Y,mustela_putorius_furo_core_102_1,1,
Microbat,myotis_lucifugus,EnsemblVertebrates,59463,Myoluc2.0,GCA_000147115.1,2010-12-Ensembl/2011-06,N,N,Y,Y,Y,myotis_lucifugus_core_102_2,1,
Pinecone soldierfish,myripristis_murdjan,EnsemblVertebrates,586833,fMyrMur1.1,GCA_902150065.1,2019-07-Ensembl/2019-08,N,N,Y,Y,Y,myripristis_murdjan_core_102_11,1,
Indian cobra,naja_naja,EnsemblVertebrates,35670,Nana_v5,GCA_009733165.1,2020-01-Ensembl/2020-01,N,N,Y,Y,Y,naja_naja_core_102_5,1,
Upper Galilee mountains blind mole rat,nannospalax_galili,EnsemblVertebrates,1026970,S.galili_v1.0,GCA_000622305.1,2016-10-ensembl/2020-03,N,N,Y,Y,Y,nannospalax_galili_core_102_10,1,
Round goby,neogobius_melanostomus,EnsemblVertebrates,47308,RGoby_Basel_V2,GCA_007210695.1,2019-07-Ensembl/2019-09,N,N,Y,Y,Y,neogobius_melanostomus_core_102_2,1,
Lyretail cichlid,neolamprologus_brichardi,EnsemblVertebrates,32507,NeoBri1.0,GCA_000239395.1,2018-05-Ensembl/2018-07,N,N,Y,Y,Y,neolamprologus_brichardi_core_102_1,1,
American mink,neovison_vison,EnsemblVertebrates,452646,NNQGG.v01,GCA_900108605.1,2018-10-Ensembl/2018-12,N,N,Y,Y,Y,neovison_vison_core_102_1,1,
Gibbon,nomascus_leucogenys,EnsemblVertebrates,61853,Nleu_3.0,GCA_000146795.3,2017-08-Ensembl/2017-12,Y,N,Y,Y,Y,nomascus_leucogenys_core_102_3,1,
Wallaby,notamacropus_eugenii,EnsemblVertebrates,9315,Meug_1.0,GCA_000004035.1,2009-02-Ensembl/2010-05,N,N,Y,Y,Y,notamacropus_eugenii_core_102_1,1,
Mainland tiger snake,notechis_scutatus,EnsemblVertebrates,8663,TS10Xv2-PRI,GCA_900518725.1,2018-10-Ensembl/2018-12,N,N,Y,Y,Y,notechis_scutatus_core_102_2,1,
Turquoise killifish,nothobranchius_furzeri,EnsemblVertebrates,105023,Nfu_20140520,GCA_001465895.2,2020-01-Ensembl/2020-02,N,N,Y,Y,Y,nothobranchius_furzeri_core_102_2,1,
Chilean tinamou,nothoprocta_perdicaria,EnsemblVertebrates,30464,notPer1,GCA_003342845.1,2018-10-Ensembl/2018-12,N,N,Y,Y,Y,nothoprocta_perdicaria_core_102_1,1,
Helmeted guineafowl,numida_meleagris,EnsemblVertebrates,8996,NumMel1.0,GCA_002078875.2,2018-10-Ensembl/2018-12,N,N,Y,Y,Y,numida_meleagris_core_102_1,1,
Pika,ochotona_princeps,EnsemblVertebrates,9978,OchPri2.0-Ens,,2008-01-Ensembl/2013-04,N,N,Y,Y,Y,ochotona_princeps_core_102_1,1,
Degu,octodon_degus,EnsemblVertebrates,10160,OctDeg1.0,GCA_000260255.1,2016-11-ensembl/2020-03,N,N,Y,Y,Y,octodon_degus_core_102_1,1,
Coho salmon,oncorhynchus_kisutch,EnsemblVertebrates,8019,Okis_V2,GCA_002021735.2,2019-11-Ensembl/2020-01,N,N,Y,Y,Y,oncorhynchus_kisutch_core_102_2,1,
Rainbow trout,oncorhynchus_mykiss,EnsemblVertebrates,8022,Omyk_1.0,GCA_002163495.1,2019-10-Ensembl/2019-12,N,N,Y,Y,Y,oncorhynchus_mykiss_core_102_1,1,
Chinook salmon,oncorhynchus_tshawytscha,EnsemblVertebrates,74940,Otsh_v1.0,GCA_002872995.1,2019-11-Ensembl/2019-12,N,N,Y,Y,Y,oncorhynchus_tshawytscha_core_102_1,1,
Blue tilapia,oreochromis_aureus,EnsemblVertebrates,47969,ASM587006v1,GCA_005870065.1,2019-07-Ensembl/2019-08,N,N,Y,Y,Y,oreochromis_aureus_core_102_1,1,
Nile tilapia,oreochromis_niloticus,EnsemblVertebrates,8128,O_niloticus_UMD_NMBU,GCA_001858045.3,2019-07-Ensembl/2019-09,N,N,Y,Y,Y,oreochromis_niloticus_core_102_3,1,
Platypus,ornithorhynchus_anatinus,EnsemblVertebrates,9258,mOrnAna1.p.v1,GCA_004115215.2,2019-10-Ensembl/2019-10,Y,Y,Y,Y,Y,ornithorhynchus_anatinus_core_102_1,1,
Rabbit,oryctolagus_cuniculus,EnsemblVertebrates,9986,OryCun2.0,GCA_000003625.1,2009-11-Ensembl/2019-05,N,N,Y,Y,Y,oryctolagus_cuniculus_core_102_2,1,
Javanese ricefish,oryzias_javanicus,EnsemblVertebrates,123683,OJAV_1.1,GCA_003999625.1,2019-09-Ensembl/2019-11,N,N,Y,Y,Y,oryzias_javanicus_core_102_11,1,
Japanese medaka HdrR,oryzias_latipes,EnsemblVertebrates,8090,ASM223467v1,GCA_002234675.1,2018-05-Ensembl/2018-07,N,N,Y,Y,Y,oryzias_latipes_core_102_1,1,
Japanese medaka HNI,oryzias_latipes_hni,EnsemblVertebrates,8090,ASM223471v1,GCA_002234715.1,2018-05-Ensembl/2018-07,N,N,Y,Y,Y,oryzias_latipes_hni_core_102_1,1,Y
Japanese medaka HSOK,oryzias_latipes_hsok,EnsemblVertebrates,8090,ASM223469v1,GCA_002234695.1,2018-05-Ensembl/2018-07,N,N,Y,Y,Y,oryzias_latipes_hsok_core_102_1,1,Y
Indian medaka,oryzias_melastigma,EnsemblVertebrates,30732,Om_v0.7.RACA,GCA_002922805.1,2018-05-Ensembl/2018-07,N,N,Y,Y,Y,oryzias_melastigma_core_102_07,1,
Chinese medaka,oryzias_sinensis,EnsemblVertebrates,183150,ASM858656v1,GCA_008586565.1,2019-10-Ensembl/2019-12,N,N,Y,Y,Y,oryzias_sinensis_core_102_1,1,
Bushbaby,otolemur_garnettii,EnsemblVertebrates,30611,OtoGar3,GCA_000181295.3,2011-06-Ensembl/2011-12,N,N,Y,Y,Y,otolemur_garnettii_core_102_3,1,
Oriental scops-owl,otus_sunia,EnsemblVertebrates,257818,OtuSun1.0,GCA_010365825.1,2020-02-Ensembl/2020-02,N,N,Y,Y,Y,otus_sunia_core_102_1,1,
Sheep (texel),ovis_aries,EnsemblVertebrates,9940,Oar_v3.1,GCA_000298735.1,2012-12-Ensembl/2015-05,Y,N,Y,Y,Y,ovis_aries_core_102_31,1,Y
Sheep,ovis_aries_rambouillet,EnsemblVertebrates,9940,Oar_rambouillet_v1.0,GCA_002742125.1,2019-07-Ensembl/2020-02,Y,N,Y,Y,Y,ovis_aries_rambouillet_core_102_1,1,
Bonobo,pan_paniscus,EnsemblVertebrates,9597,panpan1.1,GCA_000258655.2,2017-08-Ensembl/2020-03,N,N,Y,Y,Y,pan_paniscus_core_102_1,1,
Chimpanzee,pan_troglodytes,EnsemblVertebrates,9598,Pan_tro_3.0,GCA_000001515.5,2017-08-Ensembl/2020-03,Y,Y,Y,Y,Y,pan_troglodytes_core_102_3,1,
Lion,panthera_leo,EnsemblVertebrates,9689,PanLeo1.0,GCA_008795835.1,2019-11-Ensembl/2019-12,N,N,Y,Y,Y,panthera_leo_core_102_1,1,
Leopard,panthera_pardus,EnsemblVertebrates,9691,PanPar1.0,GCA_001857705.1,2018-01-Ensembl/2020-03,N,N,Y,Y,Y,panthera_pardus_core_102_1,1,
Tiger,panthera_tigris_altaica,EnsemblVertebrates,74533,PanTig1.0,GCA_000464555.1,2017-12-Ensembl/2018-06,N,N,Y,Y,Y,panthera_tigris_altaica_core_102_1,1,
Olive baboon,papio_anubis,EnsemblVertebrates,9555,Panu_3.0,GCA_000264685.2,2017-08-Ensembl/2020-03,N,N,Y,Y,Y,papio_anubis_core_102_3,1,
Indian glassy fish,parambassis_ranga,EnsemblVertebrates,210632,fParRan2.1,GCA_900634625.1,2019-04-Ensembl/2019-05,N,N,Y,Y,Y,parambassis_ranga_core_102_21,1,
Paramormyrops kingsleyae,paramormyrops_kingsleyae,EnsemblVertebrates,1676925,PKINGS_0.1,GCA_002872115.1,2018-05-Ensembl/2020-03,N,N,Y,Y,Y,paramormyrops_kingsleyae_core_102_1,1,
Great Tit,parus_major,EnsemblVertebrates,9157,Parus_major1.1,GCA_001522545.2,2018-10-Ensembl/2018-12,N,N,Y,Y,Y,parus_major_core_102_1,1,
Indian peafowl,pavo_cristatus,EnsemblVertebrates,9049,AIIM_Pcri_1.0,GCA_005519975.1,2019-07-Ensembl/2019-09,N,N,Y,Y,Y,pavo_cristatus_core_102_1,1,
Chinese softshell turtle,pelodiscus_sinensis,EnsemblVertebrates,13735,PelSin_1.0,GCA_000230535.1,2011-11-Ensembl/2014-02,N,N,Y,Y,Y,pelodiscus_sinensis_core_102_1,1,
West African mud turtle,pelusios_castaneus,EnsemblVertebrates,367368,Pelusios_castaneus-1.0,GCA_007922175.1,2019-11-Ensembl/2019-12,N,N,Y,Y,Y,pelusios_castaneus_core_102_1,1,
Periophthalmus magnuspinnatus,periophthalmus_magnuspinnatus,EnsemblVertebrates,409849,PM.fa,GCA_000787105.1,2018-05-Ensembl/2018-07,N,N,Y,Y,Y,periophthalmus_magnuspinnatus_core_102_1,1,
Northern American deer mouse,peromyscus_maniculatus_bairdii,EnsemblVertebrates,230844,HU_Pman_2.1,GCA_003704035.1,2018-11-Ensembl/2018-12,N,N,Y,Y,Y,peromyscus_maniculatus_bairdii_core_102_21,1,
Lamprey,petromyzon_marinus,EnsemblVertebrates,7757,Pmarinus_7.0,,2011-02-Ensembl/2013-04,N,N,Y,Y,Y,petromyzon_marinus_core_102_7,1,
Koala,phascolarctos_cinereus,EnsemblVertebrates,38626,phaCin_unsw_v4.1,GCA_002099425.1,2018-11-Ensembl/2019-04,N,N,Y,Y,Y,phascolarctos_cinereus_core_102_41,1,
Ring-necked pheasant,phasianus_colchicus,EnsemblVertebrates,9054,ASM414374v1,GCA_004143745.1,2019-02-Ensembl/2020-03,N,N,Y,Y,Y,phasianus_colchicus_core_102_1,1,
Vaquita,phocoena_sinus,EnsemblVertebrates,42100,mPhoSin1.pri,GCA_008692025.1,2020-03-Ensembl/2020-03,N,N,Y,Y,Y,phocoena_sinus_core_102_1,1,
Sperm whale,physeter_catodon,EnsemblVertebrates,9755,ASM283717v2,GCA_002837175.2,2019-07-Ensembl/2019-07,N,N,Y,Y,Y,physeter_catodon_core_102_2,1,
Ugandan red Colobus,piliocolobus_tephrosceles,EnsemblVertebrates,591936,ASM277652v2,GCA_002776525.2,2018-10-Ensembl/2020-03,N,N,Y,Y,Y,piliocolobus_tephrosceles_core_102_2,1,
Common wall lizard,podarcis_muralis,EnsemblVertebrates,64176,PodMur_1.0,GCA_004329235.1,2019-07-Ensembl/2019-09,N,N,Y,Y,Y,podarcis_muralis_core_102_1,1,
Amazon molly,poecilia_formosa,EnsemblVertebrates,48698,Poecilia_formosa-5.1.2,GCA_000485575.1,2013-11-Ensembl/2014-08,N,N,Y,Y,Y,poecilia_formosa_core_102_512,1,
Sailfin molly,poecilia_latipinna,EnsemblVertebrates,48699,P_latipinna-1.0,GCA_001443285.1,2018-05-Ensembl/2020-03,N,N,Y,Y,Y,poecilia_latipinna_core_102_1,1,
Shortfin molly,poecilia_mexicana,EnsemblVertebrates,48701,P_mexicana-1.0,GCA_001443325.1,2018-05-Ensembl/2018-07,N,N,Y,Y,Y,poecilia_mexicana_core_102_1,1,
Guppy,poecilia_reticulata,EnsemblVertebrates,8081,Guppy_female_1.0_MT,GCA_000633615.2,2018-05-Ensembl/2020-03,N,N,Y,Y,Y,poecilia_reticulata_core_102_1,1,
Central bearded dragon,pogona_vitticeps,EnsemblVertebrates,103695,pvi1.1,GCA_900067755.1,2018-10-Ensembl/2020-03,N,N,Y,Y,Y,pogona_vitticeps_core_102_11,1,
Orangutan,pongo_abelii,EnsemblVertebrates,9601,PPYG2,,2007-10-Ensembl/2012-08,Y,Y,Y,Y,Y,pongo_abelii_core_102_1,1,
Hyrax,procavia_capensis,EnsemblVertebrates,9813,proCap1,,2008-11-Ensembl/2013-04,N,N,Y,Y,Y,procavia_capensis_core_102_1,1,
Greater bamboo lemur,prolemur_simus,EnsemblVertebrates,1328070,Prosim_1.0,GCA_003258685.1,2018-11-Ensembl/2020-03,N,N,Y,Y,Y,prolemur_simus_core_102_1,1,
Coquerel's sifaka,propithecus_coquereli,EnsemblVertebrates,379532,Pcoq_1.0,GCA_000956105.1,2017-08-Ensembl/2020-03,N,N,Y,Y,Y,propithecus_coquereli_core_102_1,1,
Eastern brown snake,pseudonaja_textilis,EnsemblVertebrates,8673,EBS10Xv2-PRI,GCA_900518735.1,2019-07-Ensembl/2019-09,N,N,Y,Y,Y,pseudonaja_textilis_core_102_2,1,
Megabat,pteropus_vampyrus,EnsemblVertebrates,132908,pteVam1,,2008-11-Ensembl/2010-05,N,N,Y,Y,Y,pteropus_vampyrus_core_102_1,1,
Makobe Island cichlid,pundamilia_nyererei,EnsemblVertebrates,303518,PunNye1.0,GCA_000239375.1,2018-05-Ensembl/2018-07,N,N,Y,Y,Y,pundamilia_nyererei_core_102_1,1,
Red-bellied piranha,pygocentrus_nattereri,EnsemblVertebrates,42514,Pygocentrus_nattereri-1.0.2,GCA_001682695.1,2018-05-Ensembl/2020-03,N,N,Y,Y,Y,pygocentrus_nattereri_core_102_102,1,
Rat,rattus_norvegicus,EnsemblVertebrates,10116,Rnor_6.0,GCA_000001895.4,2014-09-Ensembl/2017-01,Y,N,Y,Y,Y,rattus_norvegicus_core_102_6,1,
Greater horseshoe bat,rhinolophus_ferrumequinum,EnsemblVertebrates,59479,mRhiFer1_v1.p,GCA_004115265.2,2019-08-Ensembl/2019-08,N,N,Y,Y,Y,rhinolophus_ferrumequinum_core_102_1,1,
Black snub-nosed monkey,rhinopithecus_bieti,EnsemblVertebrates,61621,ASM169854v1,GCA_001698545.1,2017-08-Ensembl/2020-03,N,N,Y,Y,Y,rhinopithecus_bieti_core_102_1,1,
Golden snub-nosed monkey,rhinopithecus_roxellana,EnsemblVertebrates,61622,Rrox_v1,GCA_000769185.1,2017-08-Ensembl/2020-03,N,N,Y,Y,Y,rhinopithecus_roxellana_core_102_1,1,
Saccharomyces cerevisiae,saccharomyces_cerevisiae,EnsemblVertebrates,4932,R64-1-1,GCA_000146045.2,2018-08-SGD,Y,N,Y,N,Y,saccharomyces_cerevisiae_core_102_4,1,
Bolivian squirrel monkey,saimiri_boliviensis_boliviensis,EnsemblVertebrates,39432,SaiBol1.0,GCA_000235385.1,2017-08-Ensembl/2020-03,N,N,Y,Y,Y,saimiri_boliviensis_boliviensis_core_102_1,1,
Jewelled blenny,salarias_fasciatus,EnsemblVertebrates,181472,fSalaFa1.1,GCA_902148845.1,2019-07-Ensembl/2019-08,N,N,Y,Y,Y,salarias_fasciatus_core_102_11,1,
Atlantic salmon,salmo_salar,EnsemblVertebrates,8030,ICSASG_v2,GCA_000233375.4,2019-08-Ensembl/2019-12,N,N,Y,Y,Y,salmo_salar_core_102_2,1,
Brown trout,salmo_trutta,EnsemblVertebrates,8032,fSalTru1.1,GCA_901001165.1,2019-07-Ensembl/2019-12,N,N,Y,Y,Y,salmo_trutta_core_102_11,1,
Argentine black and white tegu,salvator_merianae,EnsemblVertebrates,96440,HLtupMer3,GCA_003586115.1,2018-10-Ensembl/2018-12,N,N,Y,Y,Y,salvator_merianae_core_102_3,1,
Pike-perch,sander_lucioperca,EnsemblVertebrates,283035,SLUC_FBN_1,GCA_008315115.1,2019-12-Ensembl/2020-01,N,N,Y,Y,Y,sander_lucioperca_core_102_1,1,
Tasmanian devil,sarcophilus_harrisii,EnsemblVertebrates,9305,mSarHar1.11,GCA_902635505.1,2019-11-Ensembl/2020-06,N,N,Y,Y,Y,sarcophilus_harrisii_core_102_1,1,
Eurasian red squirrel,sciurus_vulgaris,EnsemblVertebrates,55149,mSciVul1.1,GCA_902686455.1,2020-01-Ensembl/2020-01,N,N,Y,Y,Y,sciurus_vulgaris_core_102_1,1,
Asian bonytongue,scleropages_formosus,EnsemblVertebrates,113540,fSclFor1.1,GCA_900964775.1,2019-05-Ensembl/2019-06,N,N,Y,Y,Y,scleropages_formosus_core_102_11,1,
Turbot,scophthalmus_maximus,EnsemblVertebrates,52904,ASM318616v1,GCA_003186165.1,2018-06-Ensembl/2018-07,N,N,Y,Y,Y,scophthalmus_maximus_core_102_1,1,
Common canary,serinus_canaria,EnsemblVertebrates,9135,SCA1,GCA_000534875.1,2018-10-Ensembl/2020-03,N,N,Y,Y,Y,serinus_canaria_core_102_12,1,
Greater amberjack,seriola_dumerili,EnsemblVertebrates,41447,Sdu_1.0,GCA_002260705.1,2018-05-Ensembl/2020-03,N,N,Y,Y,Y,seriola_dumerili_core_102_1,1,
Yellowtail amberjack,seriola_lalandi_dorsalis,EnsemblVertebrates,1841481,Sedor1,GCA_002814215.1,2018-05-Ensembl/2020-03,N,N,Y,Y,Y,seriola_lalandi_dorsalis_core_102_1,1,
Blind barbel,sinocyclocheilus_anshuiensis,EnsemblVertebrates,1608454,SAMN03320099.WGS_v1.1,GCA_001515605.1,2018-10-Ensembl/2020-03,N,N,Y,Y,Y,sinocyclocheilus_anshuiensis_core_102_11,1,
Golden-line barbel,sinocyclocheilus_grahami,EnsemblVertebrates,75366,SAMN03320097.WGS_v1.1,GCA_001515645.1,2018-10-Ensembl/2020-03,N,N,Y,Y,Y,sinocyclocheilus_grahami_core_102_11,1,
Horned golden-line barbel,sinocyclocheilus_rhinocerous,EnsemblVertebrates,307959,SAMN03320098_v1.1,GCA_001515625.1,2018-10-Ensembl/2020-03,N,N,Y,Y,Y,sinocyclocheilus_rhinocerous_core_102_11,1,
Shrew,sorex_araneus,EnsemblVertebrates,42254,sorAra1,,2007-04-Ensembl/2010-05,N,N,Y,Y,Y,sorex_araneus_core_102_1,1,
Gilthead seabream,sparus_aurata,EnsemblVertebrates,8175,fSpaAur1.1,GCA_900880675.1,2019-08-Ensembl/2019-09,N,N,Y,Y,Y,sparus_aurata_core_102_11,1,
Daurian ground squirrel,spermophilus_dauricus,EnsemblVertebrates,99837,ASM240643v1,GCA_002406435.1,2018-12-Ensembl/2020-03,N,N,Y,Y,Y,spermophilus_dauricus_core_102_1,1,
Orbiculate cardinalfish,sphaeramia_orbicularis,EnsemblVertebrates,375764,fSphaOr1.1,GCA_902148855.1,2019-07-Ensembl/2019-08,N,N,Y,Y,Y,sphaeramia_orbicularis_core_102_11,1,
Tuatara,sphenodon_punctatus,EnsemblVertebrates,8508,ASM311381v1,GCA_003113815.1,2018-05-Ensembl/2018-09,N,N,Y,Y,Y,sphenodon_punctatus_core_102_1,1,
Rufous-capped babbler,stachyris_ruficeps,EnsemblVertebrates,181631,ASM869450v1,GCA_008694505.1,2019-11-Ensembl/2019-12,N,N,Y,Y,Y,stachyris_ruficeps_core_102_1,1,
Bicolor damselfish,stegastes_partitus,EnsemblVertebrates,144197,Stegastes_partitus-1.0.2,GCA_000690725.1,2018-05-Ensembl/2018-07,N,N,Y,Y,Y,stegastes_partitus_core_102_1,1,
Kakapo,strigops_habroptila,EnsemblVertebrates,2489341,bStrHab1_v1.p,GCA_004027225.1,2019-07-Ensembl/2019-08,N,N,Y,Y,Y,strigops_habroptila_core_102_11,1,
Northern spotted owl,strix_occidentalis_caurina,EnsemblVertebrates,311401,Soccid_v01,GCA_002372975.1,2020-02-Ensembl/2020-02,N,N,Y,Y,Y,strix_occidentalis_caurina_core_102_1,1,
African ostrich,struthio_camelus_australis,EnsemblVertebrates,441894,ASM69896v1,GCA_000698965.1,2019-02-Ensembl/2020-03,N,N,Y,Y,Y,struthio_camelus_australis_core_102_1,1,
Meerkat,suricata_suricatta,EnsemblVertebrates,37032,meerkat_22Aug2017_6uvM2_HiC,GCA_006229205.1,2019-07-Ensembl/2019-08,N,N,Y,Y,Y,suricata_suricatta_core_102_1,1,
Pig,sus_scrofa,EnsemblVertebrates,9823,Sscrofa11.1,GCA_000003025.6,2017-01-Ensembl/2019-12,Y,N,Y,Y,Y,sus_scrofa_core_102_111,1,
Pig - Bamei,sus_scrofa_bamei,EnsemblVertebrates,9823,Bamei_pig_v1,GCA_001700235.1,2019-01-Ensembl/2019-06,N,N,Y,Y,Y,sus_scrofa_bamei_core_102_1,1,Y
Pig - Berkshire,sus_scrofa_berkshire,EnsemblVertebrates,9823,Berkshire_pig_v1,GCA_001700575.1,2019-01-Ensembl/2019-06,N,N,Y,Y,Y,sus_scrofa_berkshire_core_102_1,1,Y
Pig - Hampshire,sus_scrofa_hampshire,EnsemblVertebrates,9823,Hampshire_pig_v1,GCA_001700165.1,2019-01-Ensembl/2019-06,N,N,Y,Y,Y,sus_scrofa_hampshire_core_102_1,1,Y
Pig - Jinhua,sus_scrofa_jinhua,EnsemblVertebrates,9823,Jinhua_pig_v1,GCA_001700295.1,2019-01-Ensembl/2019-06,N,N,Y,Y,Y,sus_scrofa_jinhua_core_102_1,1,Y
Pig - Landrace,sus_scrofa_landrace,EnsemblVertebrates,9823,Landrace_pig_v1,GCA_001700215.1,2019-01-Ensembl/2019-06,N,N,Y,Y,Y,sus_scrofa_landrace_core_102_1,1,Y
Pig - Largewhite,sus_scrofa_largewhite,EnsemblVertebrates,9823,Large_White_v1,GCA_001700135.1,2019-01-Ensembl/2019-06,N,N,Y,N,Y,sus_scrofa_largewhite_core_102_1,1,Y
Pig - Meishan,sus_scrofa_meishan,EnsemblVertebrates,9823,Meishan_pig_v1,GCA_001700195.1,2019-01-Ensembl/2019-06,N,N,Y,Y,Y,sus_scrofa_meishan_core_102_1,1,Y
Pig - Pietrain,sus_scrofa_pietrain,EnsemblVertebrates,9823,Pietrain_pig_v1,GCA_001700255.1,2019-01-Ensembl/2019-06,N,N,Y,Y,Y,sus_scrofa_pietrain_core_102_1,1,Y
Pig - Rongchang,sus_scrofa_rongchang,EnsemblVertebrates,9823,Rongchang_pig_v1,GCA_001700155.1,2019-01-Ensembl/2019-06,N,N,Y,Y,Y,sus_scrofa_rongchang_core_102_1,1,Y
Pig - Tibetan,sus_scrofa_tibetan,EnsemblVertebrates,9823,Tibetan_Pig_v2,GCA_000472085.2,2019-01-Ensembl/2019-06,N,N,Y,Y,Y,sus_scrofa_tibetan_core_102_2,1,Y
Pig USMARC,sus_scrofa_usmarc,EnsemblVertebrates,9823,USMARCv1.0,GCA_002844635.1,2018-11-Ensembl/2020-03,N,N,Y,Y,Y,sus_scrofa_usmarc_core_102_1,1,Y
Pig - Wuzhishan,sus_scrofa_wuzhishan,EnsemblVertebrates,9823,minipig_v1.0,GCA_000325925.2,2019-01-Ensembl/2019-06,N,N,Y,Y,Y,sus_scrofa_wuzhishan_core_102_10,1,Y
Zebra finch,taeniopygia_guttata,EnsemblVertebrates,59729,bTaeGut1_v1.p,GCA_003957565.2,2019-05-Ensembl,Y,N,Y,Y,Y,taeniopygia_guttata_core_102_12,1,
Fugu,takifugu_rubripes,EnsemblVertebrates,31033,fTakRub1.2,GCA_901000725.2,2019-06-Ensembl/2019-08,N,N,Y,Y,Y,takifugu_rubripes_core_102_12,1,
Three-toed box turtle,terrapene_carolina_triunguis,EnsemblVertebrates,2587831,T_m_triunguis-2.0,GCA_002925995.2,2019-07-Ensembl/2019-09,N,N,Y,Y,Y,terrapene_carolina_triunguis_core_102_2,1,
Tetraodon,tetraodon_nigroviridis,EnsemblVertebrates,99883,TETRAODON 8.0,,2007-11-Ensembl/2010-05,Y,N,Y,Y,Y,tetraodon_nigroviridis_core_102_8,1,
Gelada,theropithecus_gelada,EnsemblVertebrates,9565,Tgel_1.0,GCA_003255815.1,2018-10-Ensembl/2018-12,N,N,Y,Y,Y,theropithecus_gelada_core_102_1,1,
Tree Shrew,tupaia_belangeri,EnsemblVertebrates,37347,tupBel1,,2006-10-Ensembl/2013-04,N,N,Y,Y,Y,tupaia_belangeri_core_102_1,1,
Dolphin,tursiops_truncatus,EnsemblVertebrates,9739,turTru1,,2008-11-Ensembl/2013-04,N,N,Y,Y,Y,tursiops_truncatus_core_102_1,1,
Arctic ground squirrel,urocitellus_parryii,EnsemblVertebrates,9999,ASM342692v1,GCA_003426925.1,2018-11-Ensembl/2020-03,N,N,Y,Y,Y,urocitellus_parryii_core_102_1,1,
American black bear,ursus_americanus,EnsemblVertebrates,9643,ASM334442v1,GCA_003344425.1,2018-09-Ensembl/2020-03,N,N,Y,Y,Y,ursus_americanus_core_102_1,1,
Polar bear,ursus_maritimus,EnsemblVertebrates,29073,UrsMar_1.0,GCA_000687225.1,2018-09-Ensembl/2020-03,N,N,Y,Y,Y,ursus_maritimus_core_102_1,1,
Asiatic black bear,ursus_thibetanus_thibetanus,EnsemblVertebrates,441215,ASM966005v1,GCA_009660055.1,2019-11-Ensembl/2019-12,N,N,Y,Y,Y,ursus_thibetanus_thibetanus_core_102_1,1,
Komodo dragon,varanus_komodoensis,EnsemblVertebrates,61221,ASM479886v1,GCA_004798865.1,2019-07-Ensembl/2019-09,N,N,Y,Y,Y,varanus_komodoensis_core_102_1,1,
Alpaca,vicugna_pacos,EnsemblVertebrates,30538,vicPac1,,2008-11-Ensembl/2013-04,N,N,Y,Y,Y,vicugna_pacos_core_102_1,1,
Common wombat,vombatus_ursinus,EnsemblVertebrates,29139,bare-nosed_wombat_genome_assembly,GCA_900497805.2,2019-01-Ensembl/2019-02,N,N,Y,Y,Y,vombatus_ursinus_core_102_1,1,
Red fox,vulpes_vulpes,EnsemblVertebrates,9627,VulVul2.2,GCA_003160815.1,2018-09-Ensembl/2018-12,N,N,Y,Y,Y,vulpes_vulpes_core_102_22,1,
Tropical clawed frog,xenopus_tropicalis,EnsemblVertebrates,8364,Xenopus_tropicalis_v9.1,GCA_000004195.3,2019-04-Ensembl/2019-12,N,Y,Y,Y,Y,xenopus_tropicalis_core_102_91,1,
Monterrey platyfish,xiphophorus_couchianus,EnsemblVertebrates,32473,Xiphophorus_couchianus-4.0.1,GCA_001444195.1,2018-05-Ensembl/2018-07,N,N,Y,Y,Y,xiphophorus_couchianus_core_102_401,1,
Platyfish,xiphophorus_maculatus,EnsemblVertebrates,8083,X_maculatus-5.0-male,GCA_002775205.2,2018-05-Ensembl/2018-07,N,N,Y,Y,Y,xiphophorus_maculatus_core_102_5,1,
California sea lion,zalophus_californianus,EnsemblVertebrates,9704,mZalCal1.pri,GCA_009762305.1,2020-01-Ensembl/2020-01,N,N,Y,Y,Y,zalophus_californianus_core_102_1,1,
White-throated sparrow,zonotrichia_albicollis,EnsemblVertebrates,44394,Zonotrichia_albicollis-1.0.1,GCA_000385455.1,2018-10-Ensembl/2018-12,N,N,Y,Y,Y,zonotrichia_albicollis_core_102_101,1,
Silver-eye,zosterops_lateralis_melanops,EnsemblVertebrates,1220523,ASM128173v1,GCA_001281735.1,2019-11-Ensembl/2019-12,N,N,Y,Y,Y,zosterops_lateralis_melanops_core_102_1,1,